Day,Started Sessions,Completed Sessions,Microsessions,AVG session duration (minutes),AVG charging duration (minutes),AVG session idle (minutes),Energy delivered (kWh),AVG kWh delivered per session (kWh),Max kWh delivered per session (kWh),Max kW hour (kW),GHGs avoided (lbs),Gasoline avoided (Gal),Electric miles provided (mi),Potential revenue ($),Collected revenue ($),Discounts granted ($),Utilization (%),Max Utilization (%),Faulted Stations,Time in Faulted State (hours),Uptime (%)
2025-06-01 12:00 am PDT,52,52,16,62.72724358974359,37.03237179487179,25.694871794871794,498.97086,9.595593197047911,102.83,-1am,779.58696755,39.79077849,888.49409166,136.08113,127.459,8.622129999999999,30.291666666666657,31.00%  9:00 AM PDT through 10:00 AM PDT,4,3.98,-
2025-06-02 12:00 am PDT,110,109,10,1478.4434250764527,189.66434046135765,1288.7790846150951,1245.6062,11.427577287062894,71.34,-1am,1946.12238523,99.33173331,2217.99274859,10429.651,443.97705,9985.67395,30.208333333333332,33.00%  7:00 AM PDT through 8:00 AM PDT,5,30.22,-
2025-06-03 12:00 am PDT,141,143,22,1140.8386946386947,150.93979864031562,989.8988959983791,1433.6736,10.025688446492813,72.45,-1am,2239.9569672,114.32929901,2552.87557869,8833.037,372.16425,8460.87275,29.916666666666657,35.00%  7:00 AM PDT through 8:00 AM PDT,2,0.03,-
2025-06-04 12:00 am PDT,110,108,10,884.1486111111111,241.50001416618443,642.6485969449267,1345.679,12.459985125234164,58.919357,-1am,2102.47510428,107.31210839,2396.18770678,7160.273,306.99292,6853.28008,30.666666666666657,35.00%  7:00 AM PDT through 8:00 AM PDT,4,0.67,-
2025-06-05 12:00 am PDT,116,117,15,597.024358974359,169.58020996789307,427.44414900646586,1232.1025,10.530793190787499,64.18533,-1am,1925.02434248,98.25487136,2193.94734108,4549.8647,332.80527,4217.05943,30.041666666666668,35.00%  8:00 AM PDT through 9:00 AM PDT,3,0.05,-
2025-06-06 12:00 am PDT,110,106,15,585.1488993710692,106.29613672232477,478.85276264874443,819.1296,7.727636828121316,63.46,-1am,1279.79970794,65.32206003,1458.58579779,3439.0725,188.8825,3250.19,29.958333333333336,33.00%  7:00 AM PDT through 8:00 AM PDT,5,14.47,-
2025-06-07 12:00 am PDT,64,62,17,147.6728494623656,33.24698053175403,114.42586893061157,366.437,5.910273794494119,30.048372,-1am,572.51742041,29.22177359,652.49724095,617.4606,105.710495,511.750105,32.66666666666667,34.00%  12:00 PM PDT through 1:00 PM PDT,5,0.13,-
2025-06-08 12:00 am PDT,48,53,10,799.9861635220126,171.04673619300314,628.9394273290095,626.0477,11.812221666969323,69.2992,-1am,978.13052246,49.92460954,1114.77388188,3236.73,199.1713,3037.5587,32.5,35.00%  6:00 PM PDT through 7:00 PM PDT,5,0.58,-
2025-06-09 12:00 am PDT,115,117,14,1671.7830484330484,181.9455496771723,1489.8374987558761,1466.0336,12.5302004611844,58.6,-1am,2290.51590018,116.90986973,2610.49751839,10720.248,375.00388,10345.24412,30.958333333333325,36.00%  7:00 AM PDT through 8:00 AM PDT,5,0.10,-
2025-06-10 12:00 am PDT,126,129,10,1052.0512919896642,213.2687255859375,838.7825664037266,1534.2637,11.893517371247452,71.33,-1am,2397.11791047,122.35092654,2731.99166882,8780.502,360.18582,8420.31618,30.75,38.00%  7:00 AM PDT through 8:00 AM PDT,8,0.57,-
2025-06-11 12:00 am PDT,130,126,13,1076.325925925926,227.39708190595033,848.9288440199756,1671.6053,13.266709982984818,71.18,-1am,2611.69902141,133.30332802,2976.54943746,9231.539,891.9995,8339.5395,29.33333333333333,33.00%  7:00 AM PDT through 8:00 AM PDT,6,0.37,-
2025-06-12 12:00 am PDT,148,149,18,1303.9725950782997,178.67859241733083,1125.294002660969,1554.8485,10.435227361843678,66.38,-1am,2429.27939142,123.99247575,2768.64606018,11603.203,385.28403,11217.918969999999,30.58333333333333,37.00%  8:00 AM PDT through 9:00 AM PDT,8,21.18,-
2025-06-13 12:00 am PDT,133,135,34,259.7381481481481,105.02353232678072,154.7146158213674,1149.5067,8.514866953218114,56.38,-1am,1795.97750946,91.6682118,2046.87286003,1572.4967,356.4101,1216.0865999999999,31.083333333333325,34.00%  8:00 AM PDT through 9:00 AM PDT,9,0.77,-
2025-06-14 12:00 am PDT,70,66,21,68.04873737373738,40.98232323232323,27.06641414141415,587.55615,8.902365307351857,64.59,-1am,917.99171849,46.8550741,1046.23377765,256.69034,256.6875,0.00283999999999196,30.79166666666666,33.00%  12:00 PM PDT through 1:00 PM PDT,5,0.08,-
2025-06-15 12:00 am PDT,42,43,7,202.75968992248062,77.25238160125969,125.50730832122093,403.47458,9.38313048701127,59.19,-1am,630.38455654,32.17536118,718.44832876,521.5478,160.1113,361.4365,30.791666666666657,33.00%  12:00 PM PDT through 1:00 PM PDT,2,0.03,-
2025-06-16 12:00 am PDT,119,123,15,1449.8226287262873,178.26088414799554,1271.5617445782918,1250.4802,10.166509029339068,66.80688,-1am,1953.73747297,99.72041383,2226.67165261,11354.913,264.35406,11090.55894,30.125,34.00%  7:00 AM PDT through 8:00 AM PDT,7,1.68,-
2025-06-17 12:00 am PDT,157,154,32,974.4458874458874,150.17338967591652,824.2724977699709,1595.1406,10.358056616820864,65.09,-1am,2492.23135631,127.2055973,2840.39231965,8863.1875,830.07526,8033.11224,19.45833333333333,35.00%  9:00 AM PDT through 10:00 AM PDT,9,11.15,-
2025-06-18 12:00 am PDT,140,138,20,1093.2454106280193,199.5143665134043,893.731044114615,1533.7148,11.113880566143315,53.14,-1am,2396.26031473,122.30715413,2731.01426824,11519.42,343.0987,11176.3213,20.125,34.00%  4:00 PM PDT through 5:00 PM PDT,5,14.95,-
2025-06-19 12:00 am PDT,57,62,20,119.69623655913979,40.851075268817205,78.84516129032258,457.46124,7.37840629613211,57.9,-1am,714.73276188,36.48056496,814.57985123,136.89786,134.094,2.8038600000000145,18.833333333333336,32.00%  1:00 PM PDT through 2:00 PM PDT,6,0.72,-
2025-06-20 12:00 am PDT,105,101,14,642.2344884488449,133.87316898559973,508.3613194632452,1224.5078,12.123841916913763,51.84,-1am,1913.15846089,97.64922672,2180.42381372,3143.2688,403.45633,2739.81247,19.833333333333332,33.00%  9:00 AM PDT through 12:00 PM PDT,5,0.78,-
2025-06-21 12:00 am PDT,70,68,14,82.91446078431372,37.92794117647058,44.986519607843135,457.6745,6.730506640133065,63.171238,-1am,715.06595712,36.49757153,814.95959334,195.81508,195.8134,0.0016799999999932425,19.041666666666664,32.00%  11:00 AM PDT through 12:00 PM PDT,6,1.20,-
2025-06-22 12:00 am PDT,72,74,23,156.96554054054053,47.0195945945946,109.94594594594594,558.46674,7.546847992698875,54.54,-1am,872.54272187,44.53531885,994.43562472,513.0424,252.98718,260.0552200000001,19.20833333333333,33.00%  3:00 PM PDT through 4:00 PM PDT,6,27.83,-
2025-06-23 12:00 am PDT,106,112,11,1686.7757440476191,203.88592529296875,1482.8898187546504,1398.671,12.488137884434243,63.33252,-1am,2185.26926301,111.53799231,2490.54808467,11870.7705,399.1653,11471.6052,18.29166666666667,33.00%  9:00 AM PDT through 10:00 AM PDT,4,0.40,-
2025-06-24 12:00 am PDT,150,147,26,4347.845691609978,132.41660493950184,4215.429086670476,1465.6589,9.970471185323193,67.91,-1am,2289.93047273,116.87998902,2609.83030761,7861.1035,326.23407,7534.869430000001,18.291666666666664,32.00%  9:00 AM PDT through 10:00 AM PDT,4,0.07,-
2025-06-25 12:00 am PDT,216,218,54,706.1224770642202,114.72792528659926,591.394551777621,1619.3676,7.428291177798843,80.32,-1am,2530.08337328,129.13759628,2883.53220633,9685.018,319.74585,9365.27215,17.916666666666668,30.00%  9:00 AM PDT through 10:00 AM PDT,7,8.52,-
2025-06-26 12:00 am PDT,149,142,40,493.48157276995306,175.95129047805716,317.5302822918959,1227.0072,8.640894911662695,62.40135,-1am,1917.06349788,97.84854311,2184.87437849,4469.1284,213.50891,4255.61949,29.291666666666654,33.00%  8:00 AM PDT through 9:00 AM PDT,8,0.87,-
2025-06-27 12:00 am PDT,155,155,54,1578.4702150537635,138.1142509608115,1440.355964092952,1243.5854,8.023130244134283,55.85,-1am,1942.96510798,99.17058321,2214.39440447,4819.43,316.89777,4502.532230000001,20.75,33.00%  3:00 PM PDT through 5:00 PM PDT,4,30.92,-
2025-06-28 12:00 am PDT,55,51,22,67.94477124183007,42.74253137127246,25.202239870557605,398.37518,7.81127792731465,48.93,-1am,622.41730614,31.76870598,709.36806549,112.83487,112.72119,0.11367999999998801,32.208333333333336,34.00%  4:00 PM PDT through 5:00 PM PDT,2,0.03,-
2025-06-29 12:00 am PDT,68,71,32,139.5100938967136,39.88301640900088,99.62707748771274,691.3796,9.737741380418376,53.4,-1am,1080.20441473,55.13454737,1231.10734302,239.03012,229.74689,9.283230000000003,31.874999999999993,34.00%  4:00 PM PDT through 5:00 PM PDT,3,19.88,-
2025-06-30 12:00 am PDT,102,112,8,2042.2249249249248,230.49691763889223,1811.7280072860326,1545.0048,13.918963223426347,100.72,-1am,2413.89969524,123.20748304,2751.11784362,14753.69,1294.9768,13458.7132,29.791666666666668,35.00%  8:00 AM PDT through 9:00 AM PDT,5,17.20,-
2025-07-01 12:00 am PDT,95,98,6,1162.9018707482994,183.7875278187447,979.1143429295547,1248.5618,12.740431043847432,59.71622,-1am,1950.74018444,99.56742969,2223.25564739,4577.6143,1251.103,3326.5113,17.625,29.00%  9:00 AM PDT through 10:00 AM PDT,4,11.30,-
2025-07-02 12:00 am PDT,162,153,36,1014.0816993464052,185.7896404590482,828.292058887357,1877.6814,12.272426339425794,75.98,-1am,2933.67021204,149.73701003,3343.49951804,11559.148,1887.0813,9672.0667,28.54166666666666,32.00%  4:00 PM PDT through 5:00 PM PDT,6,4.77,-
2025-07-03 12:00 am PDT,139,136,31,508.92267156862744,145.2749993567373,363.64767221189015,1487.1316,10.934793905254457,50.02,-1am,2323.47919956,118.59234443,2648.06574101,4429.4663,1682.8263,2746.6400000000003,21.583333333333332,35.00%  9:00 AM PDT through 10:00 AM PDT,8,14.47,-
2025-07-04 12:00 am PDT,27,26,6,89.12820512820512,72.73012820512821,16.398076923076914,341.36517,13.129429569745508,67.65,-1am,533.34544969,27.22240306,607.85300497,101.87122,101.864105,0.007114999999998872,31,33.00%  4:00 PM PDT through 5:00 PM PDT,4,24.05,-
2025-07-05 12:00 am PDT,60,59,27,73.39124293785311,40.40772034812108,32.983522589732026,422.98367,7.1692145093544175,51.48,-1am,660.86535919,33.73112714,753.18725359,146.38402,145.9983,0.38571999999999207,32.208333333333336,34.00%  12:00 PM PDT through 1:00 PM PDT,4,24.07,-
2025-07-06 12:00 am PDT,54,57,16,190.21959064327484,61.76033185992324,128.4592587833516,557.4404,9.77965804194958,42.11,-1am,870.93917875,44.45347265,992.60806905,190.98952,186.3596,4.6299199999999985,32.333333333333336,34.00%  8:00 AM PDT through 9:00 AM PDT,5,24.72,-
2025-07-07 12:00 am PDT,106,111,10,2236.613455657492,195.3487037819069,2041.2647518755853,1377.973,12.878253512886879,62.53954,-1am,2152.93091953,109.8874159,2453.69212337,11588.592,1272.7194,10315.8726,30.708333333333332,37.00%  8:00 AM PDT through 9:00 AM PDT,4,15.93,-
2025-07-08 12:00 am PDT,147,146,18,1198.9203196347032,194.88061763118938,1004.0397020035139,1773.9695,12.150472633399795,77.59,-1am,2771.63180037,141.46643239,3158.82458455,9909.43,1804.4724,8104.9576,20.458333333333332,33.00%  4:00 PM PDT through 5:00 PM PDT,6,7.28,-
2025-07-09 12:00 am PDT,139,137,16,958.1497566909976,193.11770319091724,765.0320535000803,1614.8058,11.78690001026457,55.19,-1am,2522.95606362,128.77381236,2875.40922226,8678.215,1891.6339,6786.5811,30.874999999999993,37.00%  7:00 AM PDT through 8:00 AM PDT,4,0.22,-
2025-07-10 12:00 am PDT,199,194,69,429.2703608247422,138.9297454984737,290.34061532626856,1675.2183,8.635146649842936,83.39578,-1am,2617.34393565,133.59144922,2982.98293771,4436.32,1405.4777,3030.8423,31.375000000000004,37.00%  8:00 AM PDT through 9:00 AM PDT,7,3.63,-
2025-07-11 12:00 am PDT,124,123,41,944.1177506775068,133.96778101313728,810.1499696643696,1307.1637,10.627347223418083,79.85,-1am,2042.29919354,104.24067899,2327.60531204,8022.107,961.9202,7060.1867999999995,20.833333333333336,36.00%  4:00 PM PDT through 5:00 PM PDT,10,15.15,-
2025-07-12 12:00 am PDT,42,41,7,170.9581300813008,75.67479674796748,95.28333333333332,688.0088,16.780702135139485,60.73,-1am,1074.93791129,54.86574058,1225.10511698,229.97382,177.8511,52.12271999999999,33.291666666666664,35.00%  5:00 PM PDT through 6:00 PM PDT,6,6.13,-
2025-07-13 12:00 am PDT,64,63,25,170.4224867724868,61.69121300429894,108.73127376818786,767.12213,12.17653954211652,56.44,-1am,1198.54376881,61.17468814,1365.97852646,496.20972,270.34763,225.86209000000002,33.83333333333333,36.00%  12:00 PM PDT through 1:00 PM PDT,5,1.20,-
2025-07-14 12:00 am PDT,98,106,13,2394.046383647799,212.11239689281152,2181.9339867549875,1394.5864,13.156471799362373,61.44807,-1am,2178.88752575,111.21226304,2483.27482834,15834.999,1526.8892,14308.1098,20.33333333333333,33.00%  12:00 AM PDT through 1:00 AM PDT,3,0.07,-
2025-07-15 12:00 am PDT,123,132,16,1584.2896464646465,201.757705226089,1382.5319412385575,1504.2047,11.395492815285582,63.2,-1am,2350.15403635,119.95385067,2678.46701229,12135.001,1756.8654,10378.1356,16.916666666666664,31.00%  9:00 AM PDT through 10:00 AM PDT,1,0.02,-
2025-07-16 12:00 am PDT,127,121,26,774.3159779614325,203.62649605070592,570.6894819107266,1458.6677,12.055107477493001,82.92716,-1am,2279.00749336,116.32247091,2597.3814045,5210.8877,1425.2075,3785.6802000000002,27.83333333333334,33.00%  4:00 PM PDT through 5:00 PM PDT,3,0.05,-
2025-07-17 12:00 am PDT,120,121,13,874.6782369146006,220.24023060864326,654.4380063059573,1627.6559,13.451704574864447,63.55,-1am,2543.03292842,129.79855253,2898.2907948,3981.8323,1533.8628,2447.9695,28.999999999999996,35.00%  8:00 AM PDT through 9:00 AM PDT,5,0.58,-
2025-07-18 12:00 am PDT,116,107,26,502.85700934579444,108.55848468530958,394.2985246604849,1045.9238,9.774987168023548,54.3,-1am,1634.14064608,83.40792135,1862.4276308,2642.8362,952.93463,1689.9015700000002,20.541666666666668,35.00%  4:00 PM PDT through 5:00 PM PDT,4,0.08,-
2025-07-19 12:00 am PDT,95,111,32,996.1063063063064,110.09891753783813,886.0073887684682,1047.7927,9.439573752507147,63.04,-1am,1637.06059632,83.55695808,1865.75549369,9814.59,1081.998,8732.592,21.125000000000004,35.00%  5:00 PM PDT through 6:00 PM PDT,5,0.10,-
2025-07-20 12:00 am PDT,73,75,30,69.33622222222222,48.70133333333333,20.634888888888888,702.51373,9.366849742354825,52.68,-1am,1097.60026554,56.02244632,1250.93336797,246.1173,229.05728,17.06002000000001,16.625,29.00%  9:00 AM PDT through 10:00 AM PDT,24,440.58,-
2025-07-21 12:00 am PDT,89,95,20,1793.310350877193,192.8658754797149,1600.444475397478,1164.3363,12.256166913416727,58.59,-1am,1819.1471248,92.85080858,2073.2792357,9881.616,1018.47046,8863.14554,14.499999999999998,28.00%  9:00 AM PDT through 10:00 AM PDT,30,381.57,-
2025-07-22 12:00 am PDT,145,130,17,1234.6994871794873,201.78928135016025,1032.910205829327,1686.9658,12.976657682356352,55.825203,-1am,2635.69810948,134.52826178,3003.90116196,7342.702,1458.7035,5883.9985,17.583333333333332,31.00%  4:00 PM PDT through 5:00 PM PDT,1,0.15,-
2025-07-23 12:00 am PDT,152,152,22,963.6018640350877,249.3988510533383,714.2030129817495,2287.9949,15.05260083631679,82.41286,-1am,3574.73982723,182.45774565,4074.12559204,8540.416,2521.3682,6019.047799999999,28.749999999999996,34.00%  7:00 AM PDT through 8:00 AM PDT,1,0.28,-
2025-07-24 12:00 am PDT,121,119,14,1104.889495798319,225.08654778317577,879.8029480151433,1588.204,13.346253817666229,69.03,-1am,2481.39368342,126.65243331,2828.0406402,10282.529,1724.1366,8558.3924,29.083333333333332,31.00%  7:00 AM PDT through 8:00 AM PDT,2,0.03,-
2025-07-25 12:00 am PDT,103,96,25,454.42013888888886,177.79688585069442,276.62325303819443,1140.0283,11.875295913906788,65.65,-1am,1781.16855425,90.9123502,2029.99511611,2302.864,946.5569,1356.3071,31,33.00%  8:00 AM PDT through 9:00 AM PDT,5,0.63,-
2025-07-26 12:00 am PDT,77,73,34,135.06164383561642,81.41636522545663,53.64527861015979,778.5832,10.6655230568084,66.66,-1am,1216.45042734,62.08865915,1386.38671819,356.342,260.968,95.37399999999997,32.625,34.00%  12:00 PM PDT through 2:00 PM PDT,3,0.17,-
2025-07-27 12:00 am PDT,46,51,9,153.10588235294117,75.55980392156863,77.54607843137254,594.7406,11.661578394107375,56.99,-1am,929.21662967,47.42800306,1059.02679201,228.132,207.9069,20.225099999999998,32.416666666666664,34.00%  12:00 PM PDT through 2:00 PM PDT,5,0.13,-
2025-07-28 12:00 am PDT,95,102,21,1701.3454248366013,167.65096483417585,1533.6944600024253,1135.776,11.135058165076842,72.55,-1am,1774.52480423,90.57324758,2022.42324422,8297.598,1169.6116,7127.9864,18.79166666666666,33.00%  9:00 AM PDT through 10:00 AM PDT,3,0.08,-
2025-07-29 12:00 am PDT,144,143,24,1496.981351981352,173.439262137602,1323.54208984375,1564.287,10.939069238819233,55.96,-1am,2444.02600728,124.7451555,2785.45275603,8535.751,1667.5778,6868.1732,29.25,36.00%  7:00 AM PDT through 8:00 AM PDT,2,0.03,-
2025-07-30 12:00 am PDT,171,169,46,793.8762327416173,157.9841499283469,635.8920828132703,1882.4194,11.138576056169798,82.80182,-1am,2941.07281477,150.11484514,3351.93625322,4533.2803,1412.0365,3121.2438,30.791666666666668,37.00%  7:00 AM PDT through 8:00 AM PDT,1,0.02,-
2025-07-31 12:00 am PDT,127,126,28,625.3843915343915,220.064712895792,405.3196786385995,1860.0315,14.76215557940928,96.89,-1am,2906.09418882,148.32950648,3312.07116595,4380.482,1668.9656,2711.5164,19.58333333333333,33.00%  8:00 PM PDT through 9:00 PM PDT,3,0.27,-
2025-08-01 12:00 am PDT,122,119,30,698.8719887955182,177.97435634410016,520.8976324514181,1367.9912,11.495724114163842,61.1,-1am,2137.33545732,109.09141031,2435.91799859,4601.841,1314.6172,3287.2238000000007,31.458333333333332,35.00%  7:00 PM PDT through 8:00 PM PDT,3,0.17,-
2025-08-02 12:00 am PDT,112,119,41,617.1084033613445,153.3088348816089,463.79956847973557,1272.8997,10.696636063478541,63.5,-1am,1988.76547044,101.50827246,2266.59300852,5382.428,1490.2917,3892.1363,31.24999999999999,34.00%  7:00 AM PDT through 8:00 AM PDT,5,0.13,-
2025-08-03 12:00 am PDT,77,78,29,93.72051282051282,57.38119658119658,36.33931623931624,764.8156,9.805330330146274,51.08,-1am,1194.94006993,60.9907523,1361.87139628,257.3763,194.9491,62.42720000000003,30.249999999999993,32.00%  6:00 AM PDT through 7:00 AM PDT,3,3.62,-
2025-08-04 12:00 am PDT,96,95,7,1552.700701754386,167.22543414199563,1385.4752676123903,958.9522,10.094233489347205,50.38,-1am,1498.25710789,76.47231058,1707.56136719,7866.2817,1122.1632,6744.1185,19.624999999999996,31.00%  12:00 PM PDT through 1:00 PM PDT,4,0.10,-
2025-08-05 12:00 am PDT,120,120,13,1170.6297222222224,188.22542019314236,982.4043020290801,1345.1322,11.209432174391896,65.57,-1am,2101.62078955,107.26850345,2395.21404558,6540.422,1486.9259,5053.496099999999,19.166666666666664,31.00%  9:00 AM PDT through 10:00 AM PDT,4,2.90,-
2025-08-06 12:00 am PDT,130,127,16,1126.930971128609,252.89758495420924,874.0333861743997,1566.8383,12.33730829700477,58.880505,-1am,2448.0121323,124.94861069,2789.99573671,7779.7603,2013.8607,5765.8996,18.208333333333336,35.00%  5:00 PM PDT through 6:00 PM PDT,6,15.00,-
2025-08-07 12:00 am PDT,108,110,8,3938.326666666667,245.01294714725378,3693.313719519413,1563.435,14.213045992112107,83.77704,-1am,2442.69485119,124.67721216,2783.93563945,3735.5881,1465.886,2269.7021,30.99999999999999,37.00%  7:00 AM PDT through 8:00 AM PDT,6,1.08,-
2025-08-08 12:00 am PDT,95,97,19,494.6156357388316,132.2202426975945,362.39539304123707,855.99457,8.824685752042644,67.62,-1am,1337.39715996,68.26188272,1524.22952703,1835.4222,741.21387,1094.20833,19.125,35.00%  5:00 PM PDT through 6:00 PM PDT,8,27.15,-
2025-08-09 12:00 am PDT,67,62,12,1760.6064516129034,218.17962817120298,1542.4268234417004,774.07465,12.485074079226912,57.82,-1am,1209.40631494,61.72912169,1378.35855391,10350.136,988.3674,9361.768600000001,20.124999999999996,34.00%  4:00 PM PDT through 5:00 PM PDT,3,0.07,-
2025-08-10 12:00 am PDT,46,49,19,94.07551020408164,70.5404761904762,23.53503401360544,523.0173,10.673820607835333,60.648834,-1am,817.15687943,41.70837859,931.31246359,227.44434,125.6158,101.82854000000002,19.58333333333333,33.00%  9:00 AM PDT through 10:00 AM PDT,2,0.03,-
2025-08-11 12:00 am PDT,79,83,10,2061.9532128514056,203.0721667921687,1858.881046059237,960.641,11.573989015740658,57.813046,-1am,1500.89567174,76.60698511,1710.56853442,6714.74,957.7374,5757.0026,29.416666666666664,33.00%  8:00 AM PDT through 9:00 AM PDT,5,3.45,-
2025-08-12 12:00 am PDT,133,131,27,1033.241730279898,179.9950264889472,853.246703790951,1222.9078,9.335174508646437,66.73943,-1am,1910.65863726,97.52163361,2177.57476849,7275.533,1389.7345,5885.798500000001,17.499999999999996,30.00%  6:00 PM PDT through 11:00 PM PDT,5,0.68,-
2025-08-13 12:00 am PDT,164,161,29,715.9833333333333,154.38044127786134,561.602892055472,1535.1235,9.534928771344454,56.34,-1am,2398.4612532,122.41949189,2733.5226745,4694.281,1575.2303,3119.0507,30.333333333333336,36.00%  7:00 AM PDT through 8:00 AM PDT,6,3.97,-
2025-08-14 12:00 am PDT,116,117,18,486.09515669515673,181.97617289659985,304.1189837985569,1333.8221,11.400189042218699,51.357723,-1am,2083.950005,106.36657165,2375.07467907,2704.737,1426.4714,1278.2656000000002,29.666666666666657,32.00%  7:00 AM PDT through 8:00 AM PDT,3,24.05,-
2025-08-15 12:00 am PDT,116,110,19,648.8580303030303,169.0425663618608,479.8154639411695,1223.616,11.123783598136123,89.48,-1am,1911.76512169,97.57810951,2178.83582714,2878.6821,993.18854,1885.49356,32.04166666666667,36.00%  3:00 PM PDT through 4:00 PM PDT,5,24.13,-
2025-08-16 12:00 am PDT,30,27,7,210.2141975308642,115.48580246913579,94.7283950617284,364.28354,13.491983251902706,47.529,-1am,569.15287654,29.05004442,648.66267537,194.59166,156.07541,38.516249999999985,21.624999999999996,36.00%  1:00 PM PDT through 3:00 PM PDT,3,24.03,-
2025-08-17 12:00 am PDT,60,62,22,174.89193548387095,77.33548387096774,97.55645161290322,511.57236,8.251167365158308,49.430477,-1am,799.27542225,40.79569388,910.9329938,211.39586,177.45891,33.936949999999996,21.250000000000004,36.00%  11:00 AM PDT through 12:00 PM PDT,4,28.13,-
2025-08-18 12:00 am PDT,121,124,29,1483.8614247311828,162.93199944034697,1320.9294252908358,1220.4944,9.842695592865033,60.04651,-1am,1906.88796578,97.32917534,2173.2773399,9974.874,1325.6385,8649.235499999999,32.62500000000001,39.00%  8:00 AM PDT through 9:00 AM PDT,8,43.65,-
2025-08-19 12:00 am PDT,118,114,9,2061.971783625731,335.6240879705775,1726.3476956551535,1855.85,16.2793859633269,82.44,-1am,2899.561056,147.99604985,3304.62536432,9916.369,1648.974,8267.395,32.041666666666664,37.00%  7:00 AM PDT through 8:00 AM PDT,4,0.83,-
2025-08-20 12:00 am PDT,162,174,41,1165.4922413793104,180.5136803637976,984.9785610155128,1687.4863,9.698197782123914,68.26,-1am,2636.51133336,134.56976942,3004.82799198,8310.523,1880.5852,6429.9378,32.541666666666664,37.00%  7:00 AM PDT through 8:00 AM PDT,4,0.10,-
2025-08-21 12:00 am PDT,144,143,29,653.2553613053612,93.35872520989193,559.8966360954694,863.1176,6.035789702085151,51.28903,-1am,1348.52610917,68.82991371,1536.91317367,4234.742,1236.8887,2997.8533,18.333333333333332,33.00%  9:00 AM PDT through 10:00 AM PDT,2,0.05,-
2025-08-22 12:00 am PDT,93,92,14,873.3592391304348,212.82092957427537,660.5383095561594,1284.2399,13.959129119404917,65.41125,-1am,2006.48328291,102.41260461,2286.78597269,1646.9567,651.83466,995.12204,31.208333333333332,35.00%  8:00 AM PDT through 9:00 AM PDT,7,0.75,-
2025-08-23 12:00 am PDT,40,38,10,777.0144736842105,99.91337205317981,677.1011016310307,310.73468,8.177229215061455,36.7,-1am,485.48868544,24.77975332,553.3107229,1688.4065,149.7377,1538.6688000000001,19.333333333333332,32.00%  1:00 PM PDT through 2:00 PM PDT,5,2.10,-
2025-08-24 12:00 am PDT,39,39,9,157.71666666666667,120.54316239316239,37.17350427350428,490.37274,12.573659701976561,69.983315,-1am,766.15335282,39.10511543,873.1838212,212.0543,198.84113,13.21317000000002,20.041666666666664,34.00%  12:00 PM PDT through 2:00 PM PDT,4,2.70,-
2025-08-25 12:00 am PDT,92,97,13,2202.739347079038,228.31904498228093,1974.420302096757,1252.5256,12.912638557623628,64.169014,-1am,1956.93318501,99.88352568,2230.3138008,9469.377,938.4869,8530.8901,20,34.00%  9:00 AM PDT through 10:00 AM PDT,1,0.42,-
2025-08-26 12:00 am PDT,151,141,28,1468.3252955082744,219.72117409131207,1248.6041214169622,1230.2678,8.72530573699186,48.16741,-1am,1922.15782597,98.10856193,2190.68037653,7066.3735,1031.4401,6034.9334,30.08333333333333,38.00%  8:00 AM PDT through 9:00 AM PDT,3,0.90,-
2025-08-27 12:00 am PDT,127,131,12,1259.954707379135,199.3703148917084,1060.5843924874266,1487.946,11.358366363629154,98.01,-1am,2324.75160979,118.65728932,2649.51590503,7556.5483,1538.9177,6017.6306,29.750000000000004,34.00%  7:00 AM PDT through 8:00 AM PDT,3,1.40,-
2025-08-28 12:00 am PDT,120,119,7,907.0399159663865,235.65055297509628,671.3893629912902,1633.1859,13.724251558939438,63.613735,-1am,2551.67294385,130.23954623,2908.13780736,5941.7627,1762.5012,4179.2615000000005,17.499999999999996,31.00%  9:00 AM PDT through 10:00 AM PDT,2,0.13,-
2025-08-29 12:00 am PDT,91,90,12,1290.6190740740742,234.95092918113426,1055.6681448929398,1177.2704,13.080781510627618,59.45,-1am,1839.35523034,93.88224738,2096.31038312,2292.131,1174.1149,1118.0160999999998,18.499999999999996,31.00%  10:00 AM PDT through 11:00 AM PDT,4,0.07,-
2025-08-30 12:00 am PDT,29,29,6,391.00172413793103,147.85114942528736,243.15057471264367,309.69107,10.679002876664777,49.459393,-1am,483.85815985,24.69652991,551.45241535,195.95769,149.20291,46.75478000000001,18.749999999999996,31.00%  1:00 PM PDT through 2:00 PM PDT,3,0.07,-
2025-08-31 12:00 am PDT,22,22,3,419.35984848484844,113.83787878787878,305.5219696969697,180.08606,8.185730714054609,48.529884,-1am,281.36461799,14.36108819,320.67083096,119.8162,119.81441,0.0017899999999997362,0,-,4,31.97,-
2025-09-01 12:00 am PDT,16,18,2,257.76944444444445,123.23796296296295,134.53148148148148,164.43997,9.13555326533161,58.3036,-1am,256.91932703,13.11337985,292.8105697,57.054893,57.046295,0.008597999999999217,0,-,2,0.05,-
2025-09-02 12:00 am PDT,120,123,14,2184.360569105691,212.06024014439362,1972.3003289612973,1365.365,11.1005292358852,73.460526,-1am,2133.2323093,108.88198216,2431.24164698,11566.545,1284.1138,10282.431199999999,0,-,4,0.95,-
2025-09-03 12:00 am PDT,118,118,17,1377.0005649717516,193.16135731497727,1183.8392076567743,1135.6973,9.624552604704196,51.922504,-1am,1774.40184416,90.56697159,2022.28310681,11394.022,1385.8604,10008.161600000001,0,-,3,24.98,-
2025-09-04 12:00 am PDT,134,132,22,759.042803030303,195.49735495827414,563.5454480720289,1241.8833,9.408208881007878,59.755413,-1am,1940.30576435,99.03484806,2211.36355455,4472.042,1675.1519,2796.8901000000005,12.5,30.00%  5:00 PM PDT through 6:00 PM PDT,6,23.53,-
2025-09-05 12:00 am PDT,81,73,11,763.8182648401827,220.7560378279316,543.062227012251,861.3158,11.798847013376921,73.10782,-1am,1345.71099528,68.68622791,1533.70479261,2603.048,824.23175,1778.8162499999999,1.2083333333333333,29.00%  12:00 AM PDT through 1:00 AM PDT,4,5.23,-
2025-09-06 12:00 am PDT,35,33,8,172.82626262626263,84.98838383838384,87.8378787878788,177.01642,5.3641335700127515,29.674276,-1am,276.56864386,14.11629761,315.20486647,96.23271,96.25759,-0.024879999999996016,18.416666666666668,36.00%  2:00 PM PDT through 4:00 PM PDT,3,24.05,-
2025-09-07 12:00 am PDT,19,21,3,751.1349206349206,220.35159970238095,530.7833209325397,261.3173,12.443681035779827,60.58916,-1am,408.27947643,20.83892995,465.31550379,797.60535,183.5943,614.0110500000001,32.95833333333334,35.00%  6:00 AM PDT through 7:00 AM PDT,3,24.03,-
2025-09-08 12:00 am PDT,85,97,8,2106.865463917526,240.20965152491408,1866.655812392612,1222.1832,12.599827025976316,56.456146,-1am,1909.52652963,97.46384988,2176.28450714,11276.089,1160.3569,10115.7321,27.41666666666666,35.00%  7:00 AM PDT through 8:00 AM PDT,3,24.12,-
2025-09-09 12:00 am PDT,114,106,8,1925.9364779874215,251.7525163374607,1674.1839616499608,1276.1553,12.03920337018572,49.32185,-1am,1993.85198657,101.76789255,2272.39010329,6121.2446,1140.4631,4980.7815,18.166666666666664,33.00%  5:00 PM PDT through 6:00 PM PDT,3,24.05,-
2025-09-10 12:00 am PDT,109,110,8,1098.9889393939395,252.38180013020835,846.6071392637311,1367.1968,12.429062440685911,82.18776,-1am,2136.09429489,109.02806033,2434.50344764,8434.842,1571.53,6863.312000000001,30.291666666666657,34.00%  7:00 AM PDT through 8:00 AM PDT,4,24.15,-
2025-09-11 12:00 am PDT,124,124,13,948.1134408602151,221.73834530409945,726.3750955561156,1298.0137,10.467852179695617,42.859608,-1am,2028.00332714,103.51100587,2311.31233465,6481.2866,1408.8257,5072.4609,30.33333333333333,36.00%  8:00 AM PDT through 9:00 AM PDT,4,15.80,-
2025-09-12 12:00 am PDT,80,78,5,819.6818376068376,270.8361111111111,548.8457264957265,1084.9191,13.909218998523007,56.540794,-1am,1695.0665039,86.51762869,1931.86473912,369.97537,369.96735,0.008019999999987704,32.208333333333336,36.00%  8:00 AM PDT through 9:00 AM PDT,2,0.03,-
2025-09-13 12:00 am PDT,31,30,13,168.29500000000002,99.79388888888889,68.50111111111113,162.55112,5.41837017544968,41.749626,-1am,253.96820711,12.96275219,289.44718277,70.44709,70.45611,-0.009019999999992478,33.08333333333333,36.00%  3:00 PM PDT through 4:00 PM PDT,3,0.33,-
2025-09-14 12:00 am PDT,19,19,2,297.6061403508772,98.56666666666666,199.03947368421052,136.85452,7.20286990397596,25.692686,-1am,213.82010213,10.91355894,243.69044805,59.653843,59.661198,-0.007354999999996892,30.29166666666667,36.00%  12:00 PM PDT through 1:00 PM PDT,4,0.08,-
2025-09-15 12:00 am PDT,58,62,6,1948.8024193548385,277.733203125,1671.0692162298385,857.5671,13.831724215724886,49.33781,-1am,1339.85406475,68.38728522,1527.02965771,359.4095,345.0722,14.33729999999997,25.91666666666666,31.00%  6:00 PM PDT through 9:00 PM PDT,4,9.45,-
2025-09-16 12:00 am PDT,107,106,4,1938.8306603773585,274.5555031446541,1664.2751572327045,1304.3523,12.305210104031193,55.852444,-1am,2037.90669094,104.01648194,2322.59918344,483.58167,459.70706,23.87460999999996,29.62499999999999,35.00%  8:00 AM PDT through 9:00 AM PDT,5,17.85,-
2025-09-17 12:00 am PDT,116,116,3,1829.9581896551724,237.85916004400144,1592.0990296111709,1527.301,13.166386273896345,50.570698,-1am,2386.23945922,121.79568119,2719.59351432,2438.9026,659.0318,1779.8708,30.83333333333333,34.00%  7:00 AM PDT through 8:00 AM PDT,7,3.32,-
2025-09-18 12:00 am PDT,99,97,5,1569.4475945017182,240.51669485609966,1328.9308996456184,1126.4053,11.612426607069585,56.415745,-1am,1759.88411841,89.82597458,2005.73727666,3702.4368,555.9797,3146.4571,31.20833333333334,36.00%  7:00 AM PDT through 8:00 AM PDT,9,1.33,-
2025-09-19 12:00 am PDT,84,80,10,1002.4329166666666,145.79229166666667,856.640625,612.4061,7.6550757709197566,38.473495,-1am,956.81702617,48.83675065,1090.48292229,3145.5488,264.72357,2880.82523,33.625,37.00%  5:00 PM PDT through 6:00 PM PDT,3,0.12,-
2025-09-20 12:00 am PDT,24,21,5,227.48968253968255,68.40158730158731,159.08809523809524,107.963005,5.141095961216533,25.020477,-1am,168.68029463,8.60958497,192.2446775,49.594723,49.5881,0.0066230000000047085,35.166666666666664,37.00%  1:00 PM PDT through 2:00 PM PDT,6,0.48,-
2025-09-21 12:00 am PDT,22,23,6,233.4072463768116,131.56014492753624,101.84710144927536,236.58012,10.286092053532585,31.843826,-1am,369.63035944,18.86624632,421.26716343,87.32392,87.31541,0.008510000000001128,35.833333333333336,38.00%  10:00 AM PDT through 11:00 AM PDT,2,0.05,-
2025-09-22 12:00 am PDT,77,80,4,2715.7606250000003,227.71541666666664,2488.045208333334,1016.00397,12.70005061925633,99.72414,-1am,1587.39420974,81.02194369,1809.15078779,447.71957,423.8299,23.889669999999967,33.5,37.00%  7:00 AM PDT through 8:00 AM PDT,2,0.03,-
2025-09-23 12:00 am PDT,99,101,10,1855.4800330033004,234.74602606745052,1620.73400693585,1274.723,12.621019827843867,48.78937,-1am,1991.61417571,101.65367279,2269.83967362,2462.91,527.16296,1935.7470399999997,33.083333333333336,40.00%  8:00 AM PDT through 9:00 AM PDT,9,1.72,-
2025-09-24 12:00 am PDT,118,120,9,1425.7665277777778,279.6556060112847,1146.110921766493,1650.4681,13.753902722019635,86.356094,-1am,2578.67447634,131.61772729,2938.91141324,2866.4832,700.86084,2165.6223600000003,30.374999999999996,36.00%  8:00 AM PDT through 9:00 AM PDT,7,57.00,-
2025-09-25 12:00 am PDT,133,132,17,1318.5131313131312,190.8375,1127.6756313131311,1289.9808,9.772580952750445,54.49391,-1am,2015.45280635,102.87041667,2297.00852503,509.2419,489.7856,19.4563,30.91666666666667,36.00%  7:00 AM PDT through 8:00 AM PDT,5,40.63,-
2025-09-26 12:00 am PDT,83,76,7,848.0815789473685,223.0673245614035,625.0142543859649,817.3104,10.754085265548527,54.079662,-1am,1276.95740847,65.17698666,1455.34643337,353.20865,336.02353,17.185119999999984,33.958333333333336,38.00%  8:00 AM PDT through 9:00 AM PDT,3,13.63,-
2025-09-27 12:00 am PDT,14,14,4,372.47023809523813,193.1940476190476,179.27619047619052,190.51382,13.608132015853439,57.9914,-1am,297.65684355,15.19265717,339.23905586,83.19435,83.195595,-0.001244999999997276,36.08333333333334,37.00%  9:00 AM PDT through 11:00 AM PDT,4,1.32,-
2025-09-28 12:00 am PDT,22,22,3,353.47727272727275,130.25681818181818,223.22045454545457,204.35251,9.288748560269182,35.740154,-1am,319.27827125,16.29623313,363.88096441,73.78007,73.78281,-0.0027400000000028513,36.041666666666664,38.00%  3:00 PM PDT through 4:00 PM PDT,3,0.07,-
2025-09-29 12:00 am PDT,77,85,11,1751.3770588235295,200.0178431372549,1551.3592156862746,857.5236,10.088512318639241,51.282516,-1am,1339.78610079,68.38381628,1526.9521993,362.38345,303.3715,59.011949999999956,35.166666666666664,39.00%  8:00 AM PDT through 9:00 AM PDT,8,6.17,-
2025-09-30 12:00 am PDT,104,113,10,2035.010029498525,236.0410029498525,1798.9690265486724,1423.0992,12.593793688491905,62.77806,-1am,2223.4356328,113.48603612,2534.04623879,546.292,512.4552,33.83680000000004,30.624999999999996,35.00%  6:00 AM PDT through 7:00 AM PDT,2,0.38,-
2025-10-01 12:00 am PDT,113,104,8,1388.2983974358974,288.0466346153846,1100.2517628205128,1583.824,15.229076961739164,79.897156,-1am,2474.55041623,126.30314716,2820.24137889,585.62634,568.7333,16.893040000000042,20.916666666666668,34.00%  4:00 PM PDT through 5:00 PM PDT,2,0.03,-
2025-10-02 12:00 am PDT,95,99,5,1883.1164983164983,258.6284511784512,1624.488047138047,1404.4353,14.186214150980224,68.021065,-1am,2194.27534636,111.99767043,2500.8123043,578.4045,560.0102,18.39429999999993,33.29166666666667,39.00%  7:00 AM PDT through 8:00 AM PDT,3,0.07,-
2025-10-03 12:00 am PDT,72,71,1,1325.9903755868545,267.89366197183097,1058.0967136150234,815.70935,11.488864032547497,47.246445,-1am,1274.45594432,65.04930982,1452.49551845,347.93594,336.17352,11.76242000000002,32.083333333333336,34.00%  7:00 AM PDT through 8:00 AM PDT,2,0.03,-
2025-10-04 12:00 am PDT,24,22,4,283.82045454545454,151.28863636363636,132.53181818181818,188.88913,8.58586861090589,36.18619,-1am,295.11844451,15.06309513,336.34604631,66.719025,66.72121,-0.002184999999997217,32.54166666666667,34.00%  12:00 PM PDT through 1:00 PM PDT,4,0.57,-
2025-10-05 12:00 am PDT,22,23,11,312.1949275362319,110.9840579710145,201.2108695652174,203.71707,8.857263520320055,61.057858,-1am,318.28546629,16.24555953,362.7494661,87.53811,80.367,7.171109999999999,32.25000000000001,33.00%  12:00 AM PDT through 2:00 AM PDT,5,0.10,-
2025-10-06 12:00 am PDT,67,69,6,2671.3198067632848,268.6973429951691,2402.6224637681157,798.98096,11.579438754617987,47.494076,-1am,1248.31967891,63.71529271,1422.70805616,301.54526,301.52933,0.015929999999968913,30.54166666666666,34.00%  7:00 AM PDT through 8:00 AM PDT,3,0.08,-
2025-10-07 12:00 am PDT,90,90,2,1892.0274074074075,284.70814814814815,1607.3192592592593,1244.192,13.82435626069087,52.94629,-1am,1943.91285362,99.21895695,2215.47454874,523.86536,504.24142,19.623940000000005,30.708333333333332,36.00%  7:00 AM PDT through 8:00 AM PDT,-,0.00,-
2025-10-08 12:00 am PDT,119,118,11,1550.6624293785312,270.7526836158192,1279.909745762712,1542.7786,13.07439226583604,84.21671,-1am,2410.42150313,123.02995317,2747.15375332,645.2328,585.5874,59.645399999999995,29.958333333333336,34.00%  7:00 AM PDT through 8:00 AM PDT,1,0.02,-
2025-10-09 12:00 am PDT,101,99,1,1062.363973063973,287.2097643097643,775.1542087542086,1340.7263,13.542689332829873,58.323643,-1am,2094.73705646,106.91715189,2387.36866535,578.3971,559.0482,19.34890000000007,30.91666666666667,35.00%  8:00 AM PDT through 9:00 AM PDT,4,0.07,-
2025-10-10 12:00 am PDT,83,75,5,1139.244,303.564,835.6799999999998,1034.4634,13.792843017144477,57.59258,-1am,1616.23503435,82.49400378,1842.02063211,383.96896,383.95914,0.009819999999990614,33.70833333333334,36.00%  7:00 AM PDT through 8:00 AM PDT,5,0.20,-
2025-10-11 12:00 am PDT,26,26,6,208.08525641025642,109.12179487179488,98.96346153846154,177.82138,6.839283953557067,36.1291,-1am,277.82630513,14.1804897,316.63822112,75.99399,75.9901,0.0038899999999983947,35.62499999999999,36.00%  12:00 AM PDT through 3:00 PM PDT,3,0.05,-
2025-10-12 12:00 am PDT,23,24,4,464.90208333333334,181.0888888888889,283.81319444444443,260.7524,10.86468365855247,50.576187,-1am,407.39688245,20.79388161,464.30961276,112.23065,112.2184,0.012249999999994543,35.79166666666667,38.00%  12:00 PM PDT through 1:00 PM PDT,3,0.12,-
2025-10-13 12:00 am PDT,74,87,3,2634.1413793103447,247.5697318007663,2386.5716475095783,1126.3613,12.946681515005503,62.245316,-1am,1759.81537326,89.82246577,2005.65892791,463.98206,446.09418,17.887879999999996,32.49999999999999,37.00%  9:00 AM PDT through 10:00 AM PDT,5,0.10,-
2025-10-14 12:00 am PDT,97,96,6,2235.157638888889,244.75190972222222,1990.4057291666666,1134.7305,11.820107808772491,65.35494,-1am,1772.89132573,90.48987345,2020.56157123,454.82166,426.53934,28.282320000000027,28.87499999999999,32.00%  5:00 PM PDT through 6:00 PM PDT,2,0.03,-
2025-10-15 12:00 am PDT,107,102,3,1615.0960784313725,308.6246732026144,1306.4714052287582,1494.7213,14.654132052952175,72.680824,-1am,2335.3372692,119.19759034,2661.5803651,606.45325,595.4999,10.95335,30.458333333333332,34.00%  5:00 PM PDT through 6:00 PM PDT,3,0.05,-
2025-10-16 12:00 am PDT,120,118,7,1324.6072033898306,282.6792372881356,1041.927966101695,1535.9795,13.016770720269776,63.298714,-1am,2399.79865884,122.48775421,2735.04691369,654.4703,638.96564,15.504659999999944,31.333333333333336,37.00%  8:00 AM PDT through 9:00 AM PDT,4,0.25,-
2025-10-17 12:00 am PDT,75,79,6,546.42805907173,225.5318565400844,320.8962025316456,902.16864,11.419854385001877,50.27767,-1am,1409.5390546,71.94406607,1606.4495356,374.51678,374.5077,0.009079999999983102,32.25,38.00%  8:00 AM PDT through 9:00 AM PDT,3,0.08,-
2025-10-18 12:00 am PDT,34,30,6,204.7811111111111,141.515,63.266111111111115,227.29666,7.5765567515144845,26.512291,-1am,355.1259765,18.12593034,404.73654006,95.13492,95.12479,0.010129999999989536,33.5,37.00%  12:00 PM PDT through 3:00 PM PDT,7,0.27,-
2025-10-19 12:00 am PDT,23,26,4,357.2025641025641,149.54230769230767,207.66025641025644,247.90997,9.534999904927714,32.069695,-1am,387.33200119,19.76975309,441.44169784,92.2079,92.217995,-0.010095000000006848,32.66666666666667,34.00%  2:00 PM PDT through 3:00 PM PDT,4,0.08,-
2025-10-20 12:00 am PDT,79,76,1,2794.0543859649124,223.15964912280702,2570.8947368421054,779.1668,10.252195916585103,61.5909,-1am,1217.36223801,62.13519874,1387.42590744,299.10043,290.53152,8.568910000000017,30.95833333333334,34.00%  5:00 PM PDT through 6:00 PM PDT,4,0.10,-
2025-10-21 12:00 am PDT,108,111,5,1864.968918918919,281.8987987987988,1583.07012012012,1564.3903,14.093606865768155,67.0149,-1am,2444.18740214,124.75339323,2785.63669751,610.94,610.9364,0.0036000000000058208,30.499999999999993,36.00%  7:00 AM PDT through 8:00 AM PDT,1,0.03,-
2025-10-22 12:00 am PDT,100,99,2,1230.359090909091,291.19983164983165,939.1592592592594,1451.8717,14.665373045909972,74.13401,-1am,2268.38949248,115.78051916,2585.2800849,549.93085,549.9301,0.0007499999999254214,30.083333333333336,33.00%  6:00 AM PDT through 7:00 AM PDT,2,0.48,-
2025-10-23 12:00 am PDT,98,97,6,946.5219931271478,276.6027491408934,669.9192439862543,1372.9287,14.153909282914364,59.392303,-1am,2145.04975681,109.48515469,2444.7099741,506.91882,496.2759,10.642920000000004,31.083333333333336,36.00%  7:00 AM PDT through 8:00 AM PDT,4,0.07,-
2025-10-24 12:00 am PDT,89,88,6,976.478409090909,241.50814393939393,734.9702651515152,1202.2292,13.661696317126784,69.91488,-1am,1878.35060414,95.87260426,2140.75335186,494.43295,468.5172,25.915750000000003,13.33333333333333,37.00%  7:00 AM PDT through 8:00 AM PDT,5,2.37,-
2025-10-25 12:00 am PDT,20,18,2,257.1824074074074,171.48981481481482,85.6925925925926,218.43736,12.135407677932866,50.12606,-1am,341.28429681,17.4194393,388.96119857,96.07737,96.0759,0.0014699999999976399,21.41666666666667,36.00%  10:00 AM PDT through 12:00 PM PDT,5,40.20,-
2025-10-26 12:00 am PDT,12,11,0,267.20454545454544,130.88636363636363,136.3181818181818,109.95347,9.995769894907674,61.88587,-1am,171.79017678,8.76831599,195.7890055,47.298447,47.3009,-0.0024529999999955976,19.916666666666668,33.00%  3:00 PM PDT through 5:00 PM PDT,6,96.87,-
2025-10-27 12:00 am PDT,70,79,6,3644.5457805907176,257.9181434599156,3386.627637130802,1021.56805,12.931241425437683,62.929497,-1am,1596.08747142,81.46565512,1819.05848501,436.2501,406.04953,30.20056999999997,25.08333333333333,33.00%  12:00 AM PDT through 1:00 AM PDT,7,81.93,-
2025-10-28 12:00 am PDT,99,102,2,2500.9606209150325,287.18415032679735,2213.776470588235,1335.8285,13.09635777145794,67.876656,-1am,2087.08478384,106.52657342,2378.64738178,558.4244,534.2552,24.169200000000046,19.125000000000004,25.00%  9:00 AM PDT through 11:00 AM PDT,5,29.80,-
2025-10-29 12:00 am PDT,99,100,3,1275.0553333333335,293.2155,981.8398333333334,1506.4025,15.064023395146215,73.30354,-1am,2353.58785659,120.12911576,2682.38053204,564.1355,528.5148,35.62069999999994,26.791666666666668,33.00%  7:00 AM PDT through 8:00 AM PDT,6,25.28,-
2025-10-30 12:00 am PDT,121,120,4,1357.1890277777777,329.2418055555556,1027.947222222222,1659.2773,13.827312538226078,61.803947,-1am,2592.43788031,132.32022308,2954.59754399,633.0866,633.0796,0.006999999999948159,27.499999999999996,32.00%  7:00 AM PDT through 8:00 AM PDT,4,24.13,-
2025-10-31 12:00 am PDT,64,61,0,758.0997267759562,320.7516393442623,437.34808743169395,928.4076,15.21979348602398,68.40427,-1am,1450.5345373,74.0365102,1653.17202543,364.43756,358.39578,6.041780000000017,30.499999999999993,33.00%  7:00 AM PDT through 8:00 AM PDT,4,24.07,-
2025-11-01 12:00 am PDT,14,14,4,208.50357142857143,71.4095238095238,137.09404761904761,83.45019,5.960727731103751,31.739557,-1am,130.38172322,6.65479348,148.5958534,36.487225,36.4937,-0.0064749999999946795,31.124999999999986,32.00%  10:00 AM PDT through 2:00 PM PDT,6,24.12,-
2025-11-02 12:00 am PDT,16,12,2,694.876388888889,130.02916666666667,564.8472222222223,74.07342,6.1727849910727555,32.73869,-1am,115.73155369,5.90703643,131.89907727,31.514576,31.5145,0.00007599999999996498,30.799999999999983,32.00%  2:00 PM PST through 3:00 PM PST,5,24.12,-
2025-11-03 12:00 am PST,79,83,7,2335.460642570281,314.332530120482,2021.128112449799,1240.123,14.941242769539512,57.323463,-1am,1937.55548964,98.89447171,2208.2290706,521.18463,496.81427,24.37035999999995,25.166666666666664,33.00%  12:00 AM PST through 1:00 AM PST,5,24.13,-
2025-11-04 12:00 am PST,105,108,3,1981.6739197530865,311.7783950617284,1669.895524691358,1476.623,13.67243653427586,50.07497,-1am,2307.06067041,117.75432881,2629.35356809,595.29083,567.2093,28.081530000000043,27.95833333333334,32.00%  7:00 AM PST through 8:00 AM PST,6,24.15,-
2025-11-05 12:00 am PST,102,99,1,984.7910774410774,238.27592592592592,746.5151515151515,1179.0331,11.909425057686908,58.820835,-1am,1842.10925478,94.02281512,2099.44914063,427.15637,395.98242,31.17394999999999,27.87499999999999,36.00%  7:00 AM PST through 8:00 AM PST,6,24.13,-
2025-11-06 12:00 am PST,102,100,11,1964.0003333333334,241.36633333333333,1722.634,1218.0273,12.18027371357799,56.397552,-1am,1903.03339398,97.13243474,2168.88429023,509.69598,487.8884,21.80758000000003,31.000000000000007,34.00%  7:00 AM PST through 8:00 AM PST,5,23.63,-
2025-11-07 12:00 am PST,93,92,7,678.3496376811595,253.0661231884058,425.2835144927537,1260.3018,13.698933716911517,62.009647,-1am,1969.08264034,100.50364416,2244.16051673,501.07202,482.27612,18.795900000000017,32.83333333333333,37.00%  8:00 AM PST through 9:00 AM PST,7,1.60,-
2025-11-08 12:00 am PST,15,16,1,415.875,229.10625,186.76875,237.43704,14.839814198436216,62.393494,-1am,370.96920249,18.934582,422.79304082,76.50833,76.5148,-0.006469999999993092,33.25,34.00%  11:00 AM PST through 1:00 PM PST,2,0.07,-
2025-11-09 12:00 am PST,19,18,5,241.51851851851853,170.90555555555557,70.61296296296297,171.93149,9.551748400744852,38.70007,-1am,268.62400124,13.71079633,306.15036925,72.81007,72.8239,-0.013829999999998677,33.24999999999999,34.00%  11:00 AM PST through 12:00 PM PST,3,0.05,-
2025-11-10 12:00 am PST,75,71,1,1681.7708920187795,223.63215962441316,1458.1387323943663,925.74615,13.03867570348912,60.5955,-1am,1446.37631505,73.82427101,1648.43290579,372.08823,337.15192,34.93630999999999,34.416666666666664,38.00%  7:00 AM PST through 8:00 AM PST,5,0.98,-
2025-11-11 12:00 am PST,9,10,1,291.4933333333333,107.1,184.3933333333333,74.8796,7.4879599225309,26.689848,-1am,116.99112108,5.97132582,133.33460432,30.437788,30.440699,-0.0029109999999974434,34.79166666666666,35.00%  12:00 AM PST through 1:00 AM PST,1,0.02,-
2025-11-12 12:00 am PST,111,120,6,4094.7627777777775,284.03569444444446,3810.727083333333,1615.5929,13.463273109859104,61.46008,-1am,2524.18582061,128.8365802,2876.81077445,673.93066,643.7524,30.178260000000023,32.16666666666665,40.00%  7:00 AM PST through 8:00 AM PST,5,5.57,-
2025-11-13 12:00 am PST,104,106,7,1416.1893081761007,302.0764150943396,1114.112893081761,1506.6232,14.213424345780437,64.014854,-1am,2353.93267601,120.14671563,2682.77352221,634.85535,614.3317,20.52365000000009,29.25,37.00%  8:00 AM PST through 9:00 AM PST,6,2.00,-
2025-11-14 12:00 am PST,74,71,6,600.7643192488263,290.3321596244131,310.43215962441315,1059.6549,14.924716238607006,44.860718,-1am,1655.59397626,84.50291748,1886.87795887,438.6828,421.8913,16.791499999999985,29.958333333333325,33.00%  8:00 AM PST through 9:00 AM PST,8,96.05,-
2025-11-15 12:00 am PST,17,16,2,359.90729166666665,205.35416666666666,154.553125,195.43544,12.214714985262987,53.113163,-1am,305.34633229,15.58513518,348.00275459,75.01758,75.0124,0.0051799999999957436,30.874999999999986,32.00%  2:00 PM PST through 3:00 PM PST,4,96.07,-
2025-11-16 12:00 am PST,12,11,1,169.64242424242423,115.57272727272726,54.06969696969696,109.33722,9.939746343270764,51.679234,-1am,170.82735409,8.7191727,194.69167792,30.716665,30.7194,-0.002735000000001264,31.20833333333332,33.00%  2:00 PM PST through 3:00 PM PST,5,96.10,-
2025-11-17 12:00 am PST,83,81,6,2368.012757201646,261.0448559670782,2106.9679012345678,1003.577,12.38984017130032,99.79719,-1am,1567.97843893,80.03094631,1787.02266307,382.5669,365.6626,16.904299999999978,30.874999999999996,34.00%  7:00 AM PST through 8:00 AM PST,6,94.78,-
2025-11-18 12:00 am PST,104,106,4,1375.9522012578616,234.95078616352203,1141.0014150943396,1320.1382,12.454135116883835,51.390064,-1am,2062.57041962,105.27533952,2350.70839784,484.20874,463.7741,20.43464,30.95833333333332,36.00%  8:00 AM PST through 9:00 AM PST,5,95.62,-
2025-11-19 12:00 am PST,110,111,5,1187.1138138138137,276.59594594594597,910.5178678678678,1559.7139,14.05147885039873,55.24534,-1am,2436.88104261,124.38047045,2777.30965058,611.848,586.9239,24.924099999999953,31.208333333333332,37.00%  7:00 AM PST through 8:00 AM PST,9,95.10,-
2025-11-20 12:00 am PST,111,108,7,1133.2319444444445,251.2989197530864,881.933024691358,1383.5894,12.81101202452232,50.911285,-1am,2161.70592544,110.33529963,2463.69298437,581.0904,564.9279,16.162500000000023,32.00000000000001,36.00%  7:00 AM PST through 8:00 AM PST,10,103.10,-
2025-11-21 12:00 am PST,94,89,6,1072.4172284644196,288.2432584269663,784.1739700374533,1263.3148,14.194546785455357,53.366146,-1am,1973.79012072,100.74391794,2249.52562503,486.57367,463.05032,23.523349999999994,33.5,37.00%  8:00 AM PST through 9:00 AM PST,12,135.73,-
2025-11-22 12:00 am PST,28,27,7,370.6524691358025,165.32222222222222,205.33024691358028,310.65872,11.505878701689923,62.027294,-1am,485.37000631,24.77369583,553.17546448,134.29932,134.3021,-0.002780000000001337,33.95833333333333,36.00%  2:00 PM PST through 3:00 PM PST,11,120.22,-
2025-11-23 12:00 am PST,22,23,5,397.53115942028984,82.62101449275362,314.91014492753624,105.47906,4.586045794539488,41.00048,-1am,164.79940437,8.41150105,187.82163272,44.173355,44.1705,0.0028550000000038267,34.04166666666666,35.00%  9:00 AM PST through 11:00 AM PST,8,119.35,-
2025-11-24 12:00 am PST,92,100,14,2395.4716666666664,226.61566666666667,2168.8559999999998,1156.0615,11.560616159446399,52.746803,-1am,1806.21866193,92.19092889,2058.54468606,443.33334,418.88516,24.448180000000036,32.16666666666666,37.00%  7:00 AM PST through 8:00 AM PST,7,116.57,-
2025-11-25 12:00 am PST,84,82,2,2074.2087398373983,308.2912601626016,1765.9174796747966,1273.491,15.530378481282064,62.181637,-1am,1989.68931151,101.55542609,2267.64590879,495.56287,488.42416,7.138710000000003,31.083333333333336,34.00%  4:00 PM PST through 5:00 PM PST,8,115.03,-
2025-11-26 12:00 am PST,85,77,6,886.3021645021646,223.5948051948052,662.7073593073594,913.15845,11.859197808912553,54.40619,-1am,1426.70942133,72.82045612,1626.01857667,369.95813,352.56476,17.393370000000004,31.041666666666668,37.00%  8:00 AM PST through 9:00 AM PST,10,110.58,-
2025-11-27 12:00 am PST,15,16,1,728.853125,153.47291666666666,575.3802083333333,200.24646,12.515404300758178,31.281622,-1am,312.86302073,15.96879332,356.56951307,86.16101,86.149506,0.01150400000000218,34.791666666666664,38.00%  3:00 PM PST through 4:00 PM PST,7,120.08,-
2025-11-28 12:00 am PST,21,21,6,367.06111111111113,114.21111111111112,252.85000000000002,130.13588,6.196946453443074,45.06843,-1am,203.32296772,10.37777632,231.72687979,55.834373,55.838898,-0.0045250000000010004,33.95833333333333,35.00%  8:00 AM PST through 12:00 PM PST,6,119.18,-
2025-11-29 12:00 am PST,23,24,6,436.0027777777778,158.25555555555556,277.74722222222226,209.41728,8.725719863644295,58.92088,-1am,327.19141608,16.70012674,372.89956366,92.16484,92.1598,0.005039999999993938,33.83333333333333,36.00%  1:00 PM PST through 2:00 PM PST,9,119.83,-
2025-11-30 12:00 am PST,15,15,0,842.561111111111,177.76333333333332,664.7977777777777,174.17622,11.611746535954687,31.80501,-1am,272.13114443,13.88980388,310.14745506,74.98738,74.9805,0.006879999999995334,33.62499999999999,36.00%  1:00 PM PST through 2:00 PM PST,6,119.95,-
2025-12-01 12:00 am PST,76,79,6,3623.2660337552743,302.1175105485232,3321.148523206751,1164.5277,14.740856768774513,54.559315,-1am,1819.4461662,92.8660719,2073.62005274,457.94113,431.74554,26.19558999999998,34,38.00%  8:00 AM PST through 9:00 AM PST,5,110.87,-
2025-12-02 12:00 am PST,97,104,12,3116.1852564102564,258.16201923076926,2858.0232371794873,1112.0562,10.692846901629887,54.53074,-1am,1737.46523135,88.68169562,1980.18650487,431.33853,400.2957,31.04282999999998,30.374999999999996,35.00%  7:00 AM PST through 8:00 AM PST,4,96.07,-
2025-12-03 12:00 am PST,104,102,7,2091.548202614379,278.2732026143791,1813.275,1399.292,13.718548069259674,98.132164,-1am,2186.23950705,111.58751439,2491.65387035,563.99005,527.0463,36.94375000000002,30.33333333333333,34.00%  7:00 AM PST through 8:00 AM PST,10,94.57,-
2025-12-04 12:00 am PST,102,99,3,1358.3664983164983,236.27289562289562,1122.0936026936026,1050.3359,10.609453913999422,56.853603,-1am,1641.03406598,83.75976734,1870.28405108,437.08435,410.32166,26.762689999999964,30.583333333333336,34.00%  8:00 AM PST through 9:00 AM PST,8,95.68,-
2025-12-05 12:00 am PST,72,69,4,1135.7502415458937,217.0927536231884,918.6574879227053,671.82367,9.736574539825728,48.528038,-1am,1049.65042974,53.57504613,1196.28501238,275.38974,269.28995,6.099790000000041,32.66666666666667,35.00%  5:00 PM PST through 6:00 PM PST,7,95.37,-
2025-12-06 12:00 am PST,16,18,1,500.51944444444445,195.2509259259259,305.26851851851853,190.14894,10.56383072860222,44.31188,-1am,297.08675877,15.16355956,338.5893311,83.013695,77.12039,5.893304999999998,32.916666666666664,34.00%  1:00 PM PST through 2:00 PM PST,7,96.12,-
2025-12-07 12:00 am PST,18,14,3,259.07738095238096,152.9,106.17738095238096,138.14215,9.867297703920485,43.161087,-1am,215.83188207,11.01624189,245.98327062,58.445843,58.440994,0.004849000000000103,33.08333333333333,34.00%  10:00 AM PST through 11:00 AM PST,6,96.12,-
2025-12-08 12:00 am PST,82,90,4,2777.9064814814815,299.6831481481482,2478.2233333333334,1249.7739,13.886378390647142,68.52868,-1am,1952.63395708,99.66408945,2225.41397721,488.38345,488.38565,-0.002200000000016189,31.124999999999996,34.00%  5:00 AM PST through 6:00 AM PST,8,95.93,-
2025-12-09 12:00 am PST,92,97,2,2044.1262886597938,271.4517182130584,1772.6745704467353,1274.0988,13.135038522627623,99.72797,-1am,1990.63893201,101.60389553,2268.72818985,514.9627,495.6592,19.303500000000042,28.958333333333336,33.00%  7:00 AM PST through 8:00 AM PST,6,96.40,-
2025-12-10 12:00 am PST,136,127,5,2197.006824146981,308.83963254593175,1888.1671916010496,1942.916,15.298544618195004,61.77415,-1am,3035.59208377,154.93918861,3459.65972161,798.52704,757.51556,41.011480000000006,29.25000000000001,33.00%  7:00 AM PST through 8:00 AM PST,7,95.87,-
2025-12-11 12:00 am PST,122,122,16,846.1969945355191,274.77745901639344,571.4195355191257,1541.6959,12.63685176813723,57.68143,-1am,2408.72990373,122.9436125,2745.22584003,610.05334,589.9107,20.14264000000003,30.625000000000007,35.00%  8:00 AM PST through 9:00 AM PST,7,97.02,-
2025-12-12 12:00 am PST,61,64,4,771.9697916666667,292.7572916666667,479.2125,873.8069,13.653236487391055,52.9222,-1am,1365.22696215,69.68233938,1555.94711063,332.23294,307.1257,25.10723999999999,31.583333333333325,34.00%  7:00 AM PST through 8:00 AM PST,9,96.17,-
2025-12-13 12:00 am PST,19,16,7,124.24479166666667,85.64479166666666,38.60000000000001,88.201164,5.51257282537631,24.427116,-1am,137.8045964,7.03366321,157.05569077,39.36353,39.351997,0.011533000000000015,21.70833333333334,33.00%  10:00 AM PST through 11:00 AM PST,7,95.68,-
2025-12-14 12:00 am PST,15,17,3,1173.7911764705884,255.07352941176472,918.7176470588237,283.30136,16.664787963512936,55.62517,-1am,442.6271469,22.59206412,504.46149204,117.54989,117.54509,0.004800000000003024,32.24999999999999,33.00%  12:00 AM PST through 8:00 AM PST,6,96.12,-
2025-12-15 12:00 am PST,80,81,3,2401.5960905349793,275.34382716049384,2126.2522633744857,1039.4751,12.833025633778393,97.74255,-1am,1624.06526316,82.89366528,1850.94473209,403.6329,373.2475,30.385400000000004,30.916666666666657,34.00%  7:00 AM PST through 8:00 AM PST,7,96.12,-
2025-12-16 12:00 am PST,97,102,4,1957.5769607843138,293.403431372549,1664.1735294117648,1402.2618,13.747663881036502,55.175117,-1am,2190.8794922,111.82434316,2496.94205442,514.9137,510.23672,4.676979999999958,28.583333333333332,32.00%  7:00 AM PST through 8:00 AM PST,11,99.27,-
2025-12-17 12:00 am PST,96,95,9,1147.279649122807,340.60842105263157,806.6712280701755,1512.876,15.925008401244122,56.49755,-1am,2363.70198677,120.64534952,2693.90759095,570.7212,529.8259,40.89529999999991,27.999999999999996,33.00%  7:00 AM PST through 8:00 AM PST,8,114.13,-
2025-12-18 12:00 am PST,121,118,8,879.9142655367232,273.6693502824859,606.2449152542373,1527.1868,12.942259839025132,55.383457,-1am,2386.0610343,121.78657423,2719.39016372,634.98035,612.10236,22.877990000000068,29.708333333333325,34.00%  8:00 AM PST through 9:00 AM PST,10,111.88,-
2025-12-19 12:00 am PST,67,65,5,600.0582051282051,219.36820512820515,380.69,755.17926,11.618140319510628,52.59454,-1am,1179.88435089,60.22229566,1344.71241598,289.69943,280.9055,8.793929999999989,30.54166666666666,34.00%  8:00 AM PST through 9:00 AM PST,8,95.53,-
2025-12-20 12:00 am PST,14,16,1,666.8479166666667,185.30729166666666,481.5406250000001,170.69427,10.668392595038313,53.72678,-1am,266.69098137,13.61213336,303.94730942,76.69512,76.6892,0.005920000000003256,31.458333333333332,33.00%  11:00 AM PST through 12:00 PM PST,11,96.27,-
2025-12-21 12:00 am PST,13,13,6,163.12564102564102,110.82820512820513,52.29743589743589,97.80548,7.5234982727199275,31.265709,-1am,152.81028147,7.79956607,174.15764743,42.70655,42.6968,0.009749999999996817,30.958333333333314,32.00%  10:00 AM PST through 11:00 AM PST,6,96.10,-
2025-12-22 12:00 am PST,74,72,5,2684.736342592593,266.98703703703706,2417.7493055555556,871.1561,12.099390458162734,52.642567,-1am,1361.08537934,69.47094948,1551.22695495,373.44626,352.1446,21.30165999999997,30.291666666666657,33.00%  7:00 AM PST through 8:00 AM PST,8,95.95,-
2025-12-23 12:00 am PST,80,85,9,2224.686862745098,300.93117647058824,1923.7556862745098,1271.4238,14.95792608370833,67.693985,-1am,1986.45953937,101.39057579,2263.96494236,510.92566,501.64044,9.285219999999981,30.041666666666668,35.00%  7:00 AM PST through 8:00 AM PST,7,96.22,-
2025-12-24 12:00 am PST,28,31,2,3773.170430107527,271.7983870967742,3501.372043010753,300.2405,9.685178538448048,36.51953,-1am,469.09268596,23.94288763,534.62422701,131.61887,131.61868,0.00018999999997504347,28.79166666666667,30.00%  7:00 AM PST through 8:00 AM PST,6,95.77,-
2025-12-25 12:00 am PST,9,6,3,109.20555555555555,65.1138888888889,44.091666666666654,26.326736,4.387789363264649,12.323928,-1am,41.13262302,2.09944388,46.87878845,11.332682,11.33,0.002682000000000073,28.875,30.00%  1:00 PM PST through 2:00 PM PST,5,96.08,-
2025-12-26 12:00 am PST,40,39,3,678.5521367521367,202.0628205128205,476.48931623931617,429.9868,11.025301881376341,61.95693,-1am,671.80697787,34.28959662,765.6573999,170.73671,170.71628,0.02042999999997619,29.999999999999993,32.00%  9:00 AM PST through 10:00 AM PST,10,96.53,-
2025-12-27 12:00 am PST,29,31,9,732.0204301075269,122.79516129032258,609.2252688172043,339.2579,10.943802046346718,82.02,-1am,530.0530726,27.05435735,604.10068776,118.08115,118.07531,0.005839999999992074,29.375,32.00%  3:00 PM PST through 4:00 PM PST,8,139.27,-
2025-12-28 12:00 am PST,24,25,8,508.10066666666665,100.74333333333334,407.3573333333333,180.79852,7.231940527964616,33.954914,-1am,282.47775821,14.41790381,321.93947519,74.619255,74.6247,-0.005445000000008804,28.791666666666675,30.00%  1:00 AM PST through 2:00 AM PST,9,96.05,-
2025-12-29 12:00 am PST,73,71,10,2957.087089201878,190.0607981220657,2767.0262910798124,692.6355,9.755429576175668,51.68631,-1am,1082.16662004,55.23469999,1233.34366545,275.54697,250.756,24.790969999999987,28.791666666666664,31.00%  7:00 AM PST through 8:00 AM PST,8,106.72,-
2025-12-30 12:00 am PST,67,65,5,1959.6228205128205,261.99051282051283,1697.6323076923077,819.68744,12.610576257217915,55.802895,-1am,1280.67127145,65.36654537,1459.57911741,339.67615,318.35458,21.32157000000001,29.45833333333332,31.00%  7:00 AM PST through 8:00 AM PST,8,106.87,-
2025-12-31 12:00 am PST,48,49,18,723.793537414966,156.48843537414965,567.3051020408163,349.4414,7.1314575141044845,46.384792,-1am,545.96366883,27.86644764,622.2339703,152.21867,142.15791,10.060760000000016,30.24999999999999,32.00%  7:00 AM PST through 8:00 AM PST,10,97.33,-
